Column1,Column2,Column3,Column4,Column5,Column6,Column7,Column8,Column9,Column10
Data11,Data20,Data29,Data38,Data47,Data56,Data65,Data74,Data83,Data92
Data12,Data21,Data30,Data39,Data48,Data57,Data66,Data75,Data84,Data93
Data13,Data22,Data31,Data40,Data49,Data58,Data67,Data76,Data85,Data94
Data14,Data23,Data32,Data41,Data50,Data59,Data68,Data77,Data86,Data95
Data15,Data24,Data33,Data42,Data51,Data60,Data69,Data78,Data87,Data96
Data16,Data25,Data34,Data43,Data52,Data61,Data70,Data79,Data88,Data97
Data17,Data26,Data35,Data44,Data53,Data62,Data71,Data80,Data89,Data98
Data18,Data27,Data36,Data45,Data54,Data63,Data72,Data81,Data90,Data99
Data19,Data28,Data37,Data46,Data55,Data64,Data73,Data82,Data91,Data100
Data20,Data29,Data38,Data47,Data56,Data65,Data74,Data83,Data92,Data101
